/*M!999999\- enable the sandbox mode */ 
-- MariaDB dump 10.19  Distrib 10.5.28-MariaDB, for debian-linux-gnu (aarch64)
--
-- Host: localhost    Database: glpi
-- ------------------------------------------------------
-- Server version	10.5.28-MariaDB-ubu2004

/*!40101 SET @OLD_CHARACTER_SET_CLIENT=@@CHARACTER_SET_CLIENT */;
/*!40101 SET @OLD_CHARACTER_SET_RESULTS=@@CHARACTER_SET_RESULTS */;
/*!40101 SET @OLD_COLLATION_CONNECTION=@@COLLATION_CONNECTION */;
/*!40101 SET NAMES utf8mb4 */;
/*!40103 SET @OLD_TIME_ZONE=@@TIME_ZONE */;
/*!40103 SET TIME_ZONE='+00:00' */;
/*!40014 SET @OLD_UNIQUE_CHECKS=@@UNIQUE_CHECKS, UNIQUE_CHECKS=0 */;
/*!40014 SET @OLD_FOREIGN_KEY_CHECKS=@@FOREIGN_KEY_CHECKS, FOREIGN_KEY_CHECKS=0 */;
/*!40101 SET @OLD_SQL_MODE=@@SQL_MODE, SQL_MODE='NO_AUTO_VALUE_ON_ZERO' */;
/*!40111 SET @OLD_SQL_NOTES=@@SQL_NOTES, SQL_NOTES=0 */;

--
-- Table structure for table `glpi_knowbaseitems`
--

DROP TABLE IF EXISTS `glpi_knowbaseitems`;
/*!40101 SET @saved_cs_client     = @@character_set_client */;
/*!40101 SET character_set_client = utf8mb4 */;
CREATE TABLE `glpi_knowbaseitems` (
  `id` int(10) unsigned NOT NULL AUTO_INCREMENT,
  `name` text DEFAULT NULL,
  `answer` longtext DEFAULT NULL,
  `is_faq` tinyint(4) NOT NULL DEFAULT 0,
  `users_id` int(10) unsigned NOT NULL DEFAULT 0,
  `view` int(11) NOT NULL DEFAULT 0,
  `date_creation` timestamp NULL DEFAULT NULL,
  `date_mod` timestamp NULL DEFAULT NULL,
  `begin_date` timestamp NULL DEFAULT NULL,
  `end_date` timestamp NULL DEFAULT NULL,
  PRIMARY KEY (`id`),
  KEY `users_id` (`users_id`),
  KEY `is_faq` (`is_faq`),
  KEY `date_creation` (`date_creation`),
  KEY `date_mod` (`date_mod`),
  KEY `begin_date` (`begin_date`),
  KEY `end_date` (`end_date`),
  FULLTEXT KEY `fulltext` (`name`,`answer`),
  FULLTEXT KEY `name` (`name`),
  FULLTEXT KEY `answer` (`answer`)
) ENGINE=InnoDB AUTO_INCREMENT=44 DEFAULT CHARSET=utf8mb4 COLLATE=utf8mb4_unicode_ci ROW_FORMAT=DYNAMIC;
/*!40101 SET character_set_client = @saved_cs_client */;

--
-- Dumping data for table `glpi_knowbaseitems`
--

LOCK TABLES `glpi_knowbaseitems` WRITE;
/*!40000 ALTER TABLE `glpi_knowbaseitems` DISABLE KEYS */;
INSERT INTO `glpi_knowbaseitems` VALUES (1,'Azure VM Connection Troubleshooting Guide','Common troubleshooting steps for Azure VM connectivity issues:\n\n1. Check NSG Rules:\n- Verify inbound and outbound security rules\n- Confirm port 3389 (RDP) or 22 (SSH) is allowed\n- Check if the NSG is properly associated\n\n2. Network Configuration:\n- Validate Virtual Network settings\n- Check subnet configuration\n- Verify DNS settings\n\n3. VM Status:\n- Confirm VM is running\n- Check VM health metrics\n- Verify boot diagnostics\n\n4. Common Solutions:\n- Reset RDP/SSH configuration\n- Check local firewall settings\n- Verify network interface is enabled',1,1,0,'2025-03-25 10:55:24','2025-03-25 10:55:24',NULL,NULL),(2,'Azure AKS Cluster Scaling Best Practices','Best practices for scaling Azure Kubernetes Service clusters:\n\n1. Horizontal Pod Autoscaling:\n- Set appropriate CPU/Memory thresholds\n- Configure scaling policies\n- Implement cooldown periods\n\n2. Cluster Autoscaling:\n- Enable KEDA for event-driven scaling\n- Set min/max node counts\n- Use node pools effectively\n\n3. Resource Management:\n- Implement resource quotas\n- Set resource requests/limits\n- Use pod disruption budgets\n\n4. Monitoring:\n- Enable Azure Monitor\n- Set up alerts\n- Monitor scaling events',1,1,0,'2025-03-25 10:55:24','2025-03-25 10:55:24',NULL,NULL),(3,'Azure SQL Database Performance Optimization','Guidelines for optimizing Azure SQL Database performance:\n\n1. Query Optimization:\n- Index maintenance\n- Statistics updates\n- Query plan analysis\n\n2. Resource Management:\n- DTU/vCore sizing\n- Auto-scaling configuration\n- Storage management\n\n3. Monitoring:\n- Azure SQL Analytics\n- Performance recommendations\n- Query Performance Insight\n\n4. Best Practices:\n- Connection pooling\n- Cached execution plans\n- Appropriate service tier selection',1,1,0,'2025-03-25 10:55:24','2025-03-25 10:55:24',NULL,NULL),(4,'GKE Cluster Management Guide','Essential practices for Google Kubernetes Engine management:\n\n1. Cluster Configuration:\n- Regional vs Zonal clusters\n- Node pool strategies\n- Auto-upgrade settings\n\n2. Security Best Practices:\n- Workload Identity configuration\n- Binary Authorization\n- Container-Optimized OS usage\n\n3. Networking:\n- VPC-native clustering\n- Cloud NAT setup\n- Load balancing configuration\n\n4. Monitoring:\n- Cloud Monitoring integration\n- Logging best practices\n- Alert policy configuration',1,1,0,'2025-03-25 10:55:45','2025-03-25 10:55:45',NULL,NULL),(5,'Google Cloud SQL Management','Best practices for Google Cloud SQL administration:\n\n1. Instance Configuration:\n- Machine type selection\n- Storage planning\n- High availability setup\n\n2. Performance Optimization:\n- Query optimization\n- Connection management\n- Cache configuration\n\n3. Backup Strategy:\n- Automated backups\n- Point-in-time recovery\n- Export/Import procedures\n\n4. Monitoring:\n- Performance metrics\n- Query insights\n- Alert configuration',1,1,0,'2025-03-25 10:55:45','2025-03-25 10:55:45',NULL,NULL),(6,'Google Cloud Load Balancing Setup','Comprehensive guide to Google Cloud Load Balancing:\n\n1. Load Balancer Types:\n- External HTTP(S)\n- Internal HTTP(S)\n- Network Load Balancing\n- Internal TCP/UDP\n\n2. Configuration Steps:\n- Backend service setup\n- Health check configuration\n- SSL certificate management\n\n3. Traffic Management:\n- URL maps\n- Path routing\n- Traffic splitting\n\n4. Best Practices:\n- Session affinity\n- Cross-region setup\n- Monitoring and logging',1,1,0,'2025-03-25 10:55:45','2025-03-25 10:55:45',NULL,NULL),(7,'Azure Key Vault Security Best Practices','Comprehensive guide for Azure Key Vault security:\n\n1. Access Control:\n- RBAC configuration\n- Managed Identities setup\n- Access policies vs RBAC\n\n2. Network Security:\n- Private endpoints\n- Network security groups\n- Service endpoints\n\n3. Monitoring:\n- Azure Monitor integration\n- Diagnostic logging\n- Alert configuration\n\n4. Key Management:\n- Key rotation policies\n- Backup procedures\n- Soft-delete and purge protection',1,1,0,'2025-03-25 10:56:02','2025-03-25 10:56:02',NULL,NULL),(8,'Azure Container Registry Management','Essential ACR management guidelines:\n\n1. Security Configuration:\n- Authentication methods\n- RBAC implementation\n- Network access rules\n\n2. Performance Optimization:\n- Geo-replication setup\n- Premium SKU features\n- Image caching\n\n3. Maintenance:\n- Image retention policies\n- Vulnerability scanning\n- Task automation\n\n4. Integration:\n- AKS integration\n- CI/CD pipeline setup\n- Webhook configuration',1,1,0,'2025-03-25 10:56:02','2025-03-25 10:56:02',NULL,NULL),(9,'Azure Firewall Configuration Guide','Complete guide for Azure Firewall setup:\n\n1. Rule Configuration:\n- Application rules\n- Network rules\n- NAT rules\n\n2. Network Architecture:\n- Hub-spoke design\n- Routing configuration\n- DNS settings\n\n3. Monitoring:\n- Diagnostic settings\n- Log Analytics integration\n- Alert rules\n\n4. Best Practices:\n- High availability setup\n- Premium features usage\n- Threat intelligence integration',1,1,0,'2025-03-25 10:56:02','2025-03-25 10:56:02',NULL,NULL),(10,'Multi-Cloud Backup Strategy','Essential guide for multi-cloud backup implementation:\n\n1. Backup Planning:\n- Cross-cloud backup policies\n- Recovery point objectives (RPO)\n- Recovery time objectives (RTO)\n\n2. Tools and Services:\n- Cloud-native backup solutions\n- Third-party backup tools\n- Automation frameworks\n\n3. Implementation:\n- Data consistency checks\n- Encryption requirements\n- Access control mechanisms\n\n4. Testing and Validation:\n- Regular recovery testing\n- Backup verification\n- Compliance validation',1,1,0,'2025-03-25 10:56:18','2025-03-25 10:56:18',NULL,NULL),(11,'Cloud Cost Optimization Guide','Comprehensive approach to cloud cost management:\n\n1. Resource Optimization:\n- Right-sizing instances\n- Reserved capacity planning\n- Auto-scaling implementation\n\n2. Cost Monitoring:\n- Budget alerts setup\n- Usage tracking\n- Cost allocation tags\n\n3. Best Practices:\n- Unused resource cleanup\n- Storage tier optimization\n- License management\n\n4. Governance:\n- Policy implementation\n- Quota management\n- Cost center tracking',1,1,0,'2025-03-25 10:56:18','2025-03-25 10:56:18',NULL,NULL),(12,'Cloud Disaster Recovery Planning','Complete disaster recovery strategy guide:\n\n1. DR Strategy:\n- RTO/RPO definitions\n- Recovery site selection\n- Failover procedures\n\n2. Implementation:\n- Replication setup\n- Data synchronization\n- Network configuration\n\n3. Testing:\n- DR drill procedures\n- Test schedules\n- Success criteria\n\n4. Documentation:\n- Recovery procedures\n- Contact information\n- Escalation paths',1,1,0,'2025-03-25 10:56:18','2025-03-25 10:56:18',NULL,NULL),(13,'Cloud Network Security Best Practices','Comprehensive network security guidelines:\n\n1. Network Segmentation:\n- VNET/VPC design\n- Subnet planning\n- Network isolation\n\n2. Access Controls:\n- Network security groups\n- Firewall rules\n- Service endpoints\n\n3. Monitoring:\n- Traffic analysis\n- Security logging\n- Threat detection\n\n4. Security Tools:\n- WAF implementation\n- DDoS protection\n- IDS/IPS setup',1,1,0,'2025-03-25 10:56:34','2025-03-25 10:56:34',NULL,NULL),(14,'Zero Trust Security Implementation','Guide to implementing Zero Trust architecture:\n\n1. Identity Management:\n- Multi-factor authentication\n- Just-in-time access\n- Identity verification\n\n2. Network Security:\n- Micro-segmentation\n- Network monitoring\n- Access policies\n\n3. Device Security:\n- Device authentication\n- Health monitoring\n- Compliance checking\n\n4. Data Protection:\n- Encryption methods\n- Data classification\n- Access controls',1,1,0,'2025-03-25 10:56:34','2025-03-25 10:56:34',NULL,NULL),(15,'Cloud Security Compliance Framework','Security compliance implementation guide:\n\n1. Regulatory Requirements:\n- GDPR compliance\n- HIPAA requirements\n- SOC 2 controls\n\n2. Implementation:\n- Security controls\n- Audit logging\n- Access management\n\n3. Monitoring:\n- Compliance scanning\n- Regular audits\n- Report generation\n\n4. Documentation:\n- Policy documentation\n- Procedure guides\n- Compliance records',1,1,0,'2025-03-25 10:56:34','2025-03-25 10:56:34',NULL,NULL),(16,'Container Security Best Practices','Complete guide for container security:\n\n1. Image Security:\n- Vulnerability scanning\n- Base image selection\n- Image signing\n\n2. Runtime Security:\n- Container isolation\n- Resource limits\n- Privileged access control\n\n3. Network Security:\n- Network policies\n- Service mesh implementation\n- Load balancing\n\n4. Monitoring:\n- Container logging\n- Performance monitoring\n- Security auditing',1,1,0,'2025-03-25 11:07:03','2025-03-25 11:07:03',NULL,NULL),(17,'Kubernetes Production Deployment Guide','Production-ready Kubernetes deployment:\n\n1. Cluster Setup:\n- High availability configuration\n- Multi-zone deployment\n- Backup strategy\n\n2. Security:\n- RBAC implementation\n- Network policies\n- Pod security policies\n\n3. Monitoring:\n- Prometheus setup\n- Grafana dashboards\n- Alert management\n\n4. Maintenance:\n- Update strategies\n- Scaling procedures\n- Troubleshooting guide',1,1,0,'2025-03-25 11:07:03','2025-03-25 11:07:03',NULL,NULL),(18,'Docker Optimization and Management','Docker optimization guidelines:\n\n1. Image Optimization:\n- Multi-stage builds\n- Layer optimization\n- Cache utilization\n\n2. Resource Management:\n- Memory limits\n- CPU allocation\n- Storage management\n\n3. Networking:\n- Network driver selection\n- Port management\n- Service discovery\n\n4. Best Practices:\n- Logging configuration\n- Health checks\n- Container lifecycle',1,1,0,'2025-03-25 11:07:03','2025-03-25 11:07:03',NULL,NULL),(19,'Azure Storage Account Management','Complete guide for Azure Storage Account management:\n\n1. Storage Account Types:\n- General Purpose v2\n- Premium Storage\n- Blob Storage\n- File Storage\n\n2. Security Configuration:\n- Encryption settings\n- Shared Access Signatures\n- Network access rules\n\n3. Performance Optimization:\n- Access tiers\n- Replication options\n- Performance monitoring\n\n4. Best Practices:\n- Naming conventions\n- Lifecycle management\n- Backup strategies',1,1,0,'2025-03-25 11:24:34','2025-03-25 11:24:34',NULL,NULL),(20,'Azure Virtual Machine Scale Sets','Implementing VM Scale Sets in Azure:\n\n1. Configuration:\n- Instance templates\n- Scaling policies\n- Load balancing setup\n\n2. Auto-scaling:\n- Metric-based rules\n- Schedule-based scaling\n- Custom metrics\n\n3. Management:\n- Rolling updates\n- Instance health monitoring\n- Capacity planning\n\n4. Optimization:\n- Cost management\n- Performance tuning\n- Resource allocation',1,1,0,'2025-03-25 11:24:34','2025-03-25 11:24:34',NULL,NULL),(21,'Azure Active Directory Implementation','Comprehensive Azure AD setup and management:\n\n1. Initial Setup:\n- Tenant configuration\n- Domain integration\n- User provisioning\n\n2. Security Features:\n- Conditional Access\n- MFA implementation\n- Identity Protection\n\n3. Access Management:\n- Role assignments\n- Group management\n- Application registration\n\n4. Monitoring:\n- Sign-in logs\n- Audit reports\n- Security alerts',1,1,0,'2025-03-25 11:24:34','2025-03-25 11:24:34',NULL,NULL),(22,'Azure Backup and Recovery Solutions','Complete Azure backup strategy guide:\n\n1. Backup Types:\n- VM backups\n- File share backups\n- Database backups\n\n2. Implementation:\n- Recovery Services vault\n- Backup policies\n- Retention settings\n\n3. Recovery Procedures:\n- Full VM recovery\n- File-level recovery\n- Cross-region recovery\n\n4. Monitoring:\n- Backup reports\n- Alert configuration\n- Compliance tracking',1,1,0,'2025-03-25 11:24:34','2025-03-25 11:24:34',NULL,NULL),(23,'Azure DevOps Pipeline Configuration','Azure DevOps CI/CD implementation guide:\n\n1. Pipeline Setup:\n- YAML configuration\n- Build agents\n- Release strategies\n\n2. Source Control:\n- Repository management\n- Branch policies\n- Code review process\n\n3. Build Process:\n- Build triggers\n- Artifact management\n- Testing integration\n\n4. Deployment:\n- Environment configuration\n- Approval gates\n- Rollback procedures',1,1,0,'2025-03-25 11:24:34','2025-03-25 11:24:34',NULL,NULL),(24,'Google Cloud Run Deployment','Comprehensive guide for Cloud Run deployments:\n\n1. Service Configuration:\n- Container requirements\n- Memory allocation\n- CPU configuration\n\n2. Deployment Options:\n- Continuous deployment\n- Traffic splitting\n- Revision management\n\n3. Security:\n- Authentication\n- IAM roles\n- VPC connectivity\n\n4. Monitoring:\n- Logging setup\n- Performance metrics\n- Error tracking',1,1,0,'2025-03-25 11:54:25','2025-03-25 11:54:25',NULL,NULL),(25,'Google BigQuery Best Practices','Optimizing BigQuery implementations:\n\n1. Query Optimization:\n- Partitioning strategy\n- Clustering setup\n- Cost optimization\n\n2. Data Management:\n- Table design\n- Schema evolution\n- Data retention\n\n3. Security:\n- Access control\n- Column-level security\n- Audit logging\n\n4. Performance:\n- Materialized views\n- Query caching\n- Slot management',1,1,0,'2025-03-25 11:54:25','2025-03-25 11:54:25',NULL,NULL),(26,'Google Cloud Storage Management','Complete Cloud Storage implementation guide:\n\n1. Storage Classes:\n- Standard Storage\n- Nearline Storage\n- Coldline Storage\n- Archive Storage\n\n2. Data Management:\n- Lifecycle policies\n- Object versioning\n- Retention policies\n\n3. Security:\n- IAM configuration\n- Signed URLs\n- Encryption options\n\n4. Performance:\n- Transfer optimization\n- Cache configuration\n- Monitoring setup',1,1,0,'2025-03-25 11:54:25','2025-03-25 11:54:25',NULL,NULL),(27,'Google Cloud Functions Guide','Comprehensive serverless implementation:\n\n1. Function Setup:\n- Runtime selection\n- Trigger configuration\n- Environment variables\n\n2. Development:\n- Local testing\n- Deployment options\n- Version management\n\n3. Integration:\n- Event handling\n- API Gateway setup\n- Service connections\n\n4. Monitoring:\n- Error handling\n- Performance tracking\n- Cost analysis',1,1,0,'2025-03-25 11:54:25','2025-03-25 11:54:25',NULL,NULL),(28,'Google Cloud IAM Best Practices','Complete IAM security guide:\n\n1. Role Management:\n- Predefined roles\n- Custom roles\n- Service accounts\n\n2. Policy Implementation:\n- Resource hierarchy\n- Conditional access\n- Policy constraints\n\n3. Security:\n- Audit logging\n- Identity federation\n- Key management\n\n4. Best Practices:\n- Least privilege\n- Regular reviews\n- Automation strategies',1,1,0,'2025-03-25 11:54:25','2025-03-25 11:54:25',NULL,NULL),(29,'Infrastructure as Code with Terraform','Comprehensive Terraform implementation guide:\n\n1. Project Structure:\n- File organization\n- Module development\n- State management\n\n2. Best Practices:\n- Resource naming\n- Variable management\n- Code reusability\n\n3. State Management:\n- Remote state\n- State locking\n- Workspace usage\n\n4. Security:\n- Sensitive data handling\n- Access control\n- Compliance checks',1,1,0,'2025-03-25 11:54:51','2025-03-25 11:54:51',NULL,NULL),(30,'Cloud Migration Strategy','Complete cloud migration framework:\n\n1. Assessment:\n- Application inventory\n- Dependency mapping\n- Risk assessment\n\n2. Planning:\n- Migration patterns\n- Timeline development\n- Resource allocation\n\n3. Execution:\n- Data migration\n- Application migration\n- Testing procedures\n\n4. Post-Migration:\n- Performance monitoring\n- Cost optimization\n- Documentation',1,1,0,'2025-03-25 11:54:51','2025-03-25 11:54:51',NULL,NULL),(31,'Multi-Cloud Monitoring Setup','Comprehensive monitoring implementation:\n\n1. Tool Selection:\n- Monitoring platforms\n- Log aggregation\n- Alerting systems\n\n2. Configuration:\n- Metric collection\n- Log forwarding\n- Dashboard setup\n\n3. Alert Management:\n- Threshold configuration\n- Escalation paths\n- On-call rotation\n\n4. Reporting:\n- Performance metrics\n- Cost analysis\n- Compliance reporting',1,1,0,'2025-03-25 11:54:51','2025-03-25 11:54:51',NULL,NULL),(32,'Cloud Cost Management Framework','Complete cost optimization guide:\n\n1. Cost Analysis:\n- Resource utilization\n- Spending patterns\n- Waste identification\n\n2. Optimization:\n- Reserved instances\n- Spot instances\n- Auto-scaling\n\n3. Governance:\n- Budget controls\n- Policy enforcement\n- Reporting structure\n\n4. Best Practices:\n- Resource tagging\n- Shutdown procedures\n- Lifecycle management',1,1,0,'2025-03-25 11:54:51','2025-03-25 11:54:51',NULL,NULL),(33,'Cloud Security Compliance Guide','Comprehensive security compliance framework:\n\n1. Standards Implementation:\n- ISO 27001\n- SOC 2\n- HIPAA requirements\n\n2. Security Controls:\n- Access management\n- Data protection\n- Network security\n\n3. Monitoring:\n- Security events\n- Compliance audits\n- Vulnerability scanning\n\n4. Documentation:\n- Policy documentation\n- Procedure guides\n- Audit trails',1,1,0,'2025-03-25 11:54:51','2025-03-25 11:54:51',NULL,NULL),(34,'Cloud Network Security Architecture','Comprehensive network security design:\n\n1. Network Segmentation:\n- VPC design principles\n- Subnet planning\n- Network isolation\n\n2. Security Controls:\n- Firewall configuration\n- IDS/IPS setup\n- WAF implementation\n\n3. Access Control:\n- VPN configuration\n- Bastion hosts\n- Service endpoints\n\n4. Monitoring:\n- Traffic analysis\n- Threat detection\n- Incident response',1,1,0,'2025-03-25 12:06:29','2025-03-25 12:06:29',NULL,NULL),(35,'Load Balancer Implementation Guide','Complete load balancing setup:\n\n1. Load Balancer Types:\n- Application LB\n- Network LB\n- Global LB\n\n2. Configuration:\n- Health checks\n- SSL/TLS setup\n- Session persistence\n\n3. Advanced Features:\n- Path-based routing\n- WAF integration\n- SSL offloading\n\n4. Monitoring:\n- Performance metrics\n- Error tracking\n- Capacity planning',1,1,0,'2025-03-25 12:06:29','2025-03-25 12:06:29',NULL,NULL),(36,'Zero Trust Network Implementation','Zero Trust security framework guide:\n\n1. Architecture:\n- Identity verification\n- Network segmentation\n- Access control\n\n2. Implementation:\n- Identity providers\n- Policy enforcement\n- Device trust\n\n3. Security Controls:\n- MFA setup\n- Session management\n- Data protection\n\n4. Monitoring:\n- Access logging\n- Behavior analysis\n- Compliance checking',1,1,0,'2025-03-25 12:06:29','2025-03-25 12:06:29',NULL,NULL),(37,'Cloud DNS Management','DNS configuration and management guide:\n\n1. DNS Architecture:\n- Zone configuration\n- Record types\n- Namespace planning\n\n2. Security:\n- DNSSEC setup\n- Access control\n- Monitoring setup\n\n3. Performance:\n- Global load balancing\n- Caching configuration\n- Latency optimization\n\n4. Management:\n- Record automation\n- Change control\n- Disaster recovery',1,1,0,'2025-03-25 12:06:29','2025-03-25 12:06:29',NULL,NULL),(38,'VPN Solution Implementation','Complete VPN setup guide:\n\n1. VPN Types:\n- Site-to-site VPN\n- Point-to-site VPN\n- Client VPN\n\n2. Configuration:\n- Protocol selection\n- Encryption setup\n- Authentication methods\n\n3. Security:\n- Access control\n- Monitoring setup\n- Policy enforcement\n\n4. Management:\n- Performance tuning\n- Troubleshooting\n- Capacity planning',1,1,0,'2025-03-25 12:06:29','2025-03-25 12:06:29',NULL,NULL),(39,'Advanced Kubernetes Security','Comprehensive Kubernetes security guide:\n\n1. Pod Security:\n- Security contexts\n- Pod security policies\n- Network policies\n\n2. Access Control:\n- RBAC configuration\n- Service accounts\n- Authentication methods\n\n3. Secret Management:\n- Secret encryption\n- External secrets\n- Key rotation\n\n4. Compliance:\n- Security scanning\n- Audit logging\n- Policy enforcement',1,1,0,'2025-03-25 12:11:39','2025-03-25 12:11:39',NULL,NULL),(40,'Service Mesh Implementation','Complete service mesh deployment guide:\n\n1. Architecture:\n- Control plane setup\n- Data plane configuration\n- Proxy implementation\n\n2. Features:\n- Traffic management\n- Security policies\n- Observability\n\n3. Security:\n- mTLS setup\n- Access control\n- Policy enforcement\n\n4. Operations:\n- Performance tuning\n- Troubleshooting\n- Updates management',1,1,0,'2025-03-25 12:11:39','2025-03-25 12:11:39',NULL,NULL),(41,'Container Registry Security','Container registry security guide:\n\n1. Access Control:\n- Authentication methods\n- Authorization policies\n- RBAC implementation\n\n2. Image Security:\n- Vulnerability scanning\n- Image signing\n- Policy enforcement\n\n3. Operational Security:\n- Repository management\n- Tag management\n- Cleanup policies\n\n4. Monitoring:\n- Activity logging\n- Security alerts\n- Compliance checking',1,1,0,'2025-03-25 12:11:39','2025-03-25 12:11:39',NULL,NULL),(42,'Kubernetes Monitoring Setup','Complete Kubernetes monitoring guide:\n\n1. Metrics Collection:\n- Prometheus setup\n- Custom metrics\n- Service monitors\n\n2. Visualization:\n- Grafana dashboards\n- Alert configuration\n- Log aggregation\n\n3. Performance:\n- Resource metrics\n- Application metrics\n- Network metrics\n\n4. Troubleshooting:\n- Debug techniques\n- Log analysis\n- Tracing setup',1,1,0,'2025-03-25 12:11:39','2025-03-25 12:11:39',NULL,NULL),(43,'Container Orchestration Patterns','Advanced orchestration patterns guide:\n\n1. Deployment Strategies:\n- Rolling updates\n- Blue-green deployment\n- Canary releases\n\n2. Scaling Patterns:\n- Horizontal scaling\n- Vertical scaling\n- Auto-scaling\n\n3. Resilience:\n- Circuit breakers\n- Retry policies\n- Fallback patterns\n\n4. Storage:\n- Volume management\n- State handling\n- Backup strategies',1,1,0,'2025-03-25 12:11:39','2025-03-25 12:11:39',NULL,NULL);
/*!40000 ALTER TABLE `glpi_knowbaseitems` ENABLE KEYS */;
UNLOCK TABLES;

--
-- Table structure for table `glpi_knowbaseitems_knowbaseitemcategories`
--

DROP TABLE IF EXISTS `glpi_knowbaseitems_knowbaseitemcategories`;
/*!40101 SET @saved_cs_client     = @@character_set_client */;
/*!40101 SET character_set_client = utf8mb4 */;
CREATE TABLE `glpi_knowbaseitems_knowbaseitemcategories` (
  `id` int(10) unsigned NOT NULL AUTO_INCREMENT,
  `knowbaseitems_id` int(10) unsigned NOT NULL DEFAULT 0,
  `knowbaseitemcategories_id` int(10) unsigned NOT NULL DEFAULT 0,
  PRIMARY KEY (`id`),
  KEY `knowbaseitems_id` (`knowbaseitems_id`),
  KEY `knowbaseitemcategories_id` (`knowbaseitemcategories_id`)
) ENGINE=InnoDB AUTO_INCREMENT=44 DEFAULT CHARSET=utf8mb4 COLLATE=utf8mb4_unicode_ci ROW_FORMAT=DYNAMIC;
/*!40101 SET character_set_client = @saved_cs_client */;

--
-- Dumping data for table `glpi_knowbaseitems_knowbaseitemcategories`
--

LOCK TABLES `glpi_knowbaseitems_knowbaseitemcategories` WRITE;
/*!40000 ALTER TABLE `glpi_knowbaseitems_knowbaseitemcategories` DISABLE KEYS */;
INSERT INTO `glpi_knowbaseitems_knowbaseitemcategories` VALUES (1,1,1),(2,2,1),(3,3,1),(4,4,2),(5,5,2),(6,6,2),(7,7,1),(8,8,1),(9,9,1),(10,10,3),(11,11,3),(12,12,3),(13,13,4),(14,14,4),(15,15,4),(16,16,5),(17,17,5),(18,18,5),(19,19,1),(20,20,1),(21,21,1),(22,22,1),(23,23,1),(24,24,2),(25,25,2),(26,26,2),(27,27,2),(28,28,2),(29,29,3),(30,30,3),(31,31,3),(32,32,3),(33,33,3),(34,34,4),(35,35,4),(36,36,4),(37,37,4),(38,38,4),(39,39,5),(40,40,5),(41,41,5),(42,42,5),(43,43,5);
/*!40000 ALTER TABLE `glpi_knowbaseitems_knowbaseitemcategories` ENABLE KEYS */;
UNLOCK TABLES;

--
-- Table structure for table `glpi_knowbaseitemcategories`
--

DROP TABLE IF EXISTS `glpi_knowbaseitemcategories`;
/*!40101 SET @saved_cs_client     = @@character_set_client */;
/*!40101 SET character_set_client = utf8mb4 */;
CREATE TABLE `glpi_knowbaseitemcategories` (
  `id` int(10) unsigned NOT NULL AUTO_INCREMENT,
  `entities_id` int(10) unsigned NOT NULL DEFAULT 0,
  `is_recursive` tinyint(4) NOT NULL DEFAULT 0,
  `knowbaseitemcategories_id` int(10) unsigned NOT NULL DEFAULT 0,
  `name` varchar(255) DEFAULT NULL,
  `completename` text DEFAULT NULL,
  `comment` text DEFAULT NULL,
  `level` int(11) NOT NULL DEFAULT 0,
  `sons_cache` longtext DEFAULT NULL,
  `ancestors_cache` longtext DEFAULT NULL,
  `date_mod` timestamp NULL DEFAULT NULL,
  `date_creation` timestamp NULL DEFAULT NULL,
  PRIMARY KEY (`id`),
  UNIQUE KEY `unicity` (`entities_id`,`knowbaseitemcategories_id`,`name`),
  KEY `name` (`name`),
  KEY `is_recursive` (`is_recursive`),
  KEY `date_mod` (`date_mod`),
  KEY `date_creation` (`date_creation`),
  KEY `knowbaseitemcategories_id` (`knowbaseitemcategories_id`),
  KEY `level` (`level`)
) ENGINE=InnoDB AUTO_INCREMENT=6 DEFAULT CHARSET=utf8mb4 COLLATE=utf8mb4_unicode_ci ROW_FORMAT=DYNAMIC;
/*!40101 SET character_set_client = @saved_cs_client */;

--
-- Dumping data for table `glpi_knowbaseitemcategories`
--

LOCK TABLES `glpi_knowbaseitemcategories` WRITE;
/*!40000 ALTER TABLE `glpi_knowbaseitemcategories` DISABLE KEYS */;
INSERT INTO `glpi_knowbaseitemcategories` VALUES (1,0,0,0,'Azure Cloud Services','Azure Cloud Services','Knowledge articles related to Azure cloud services',1,NULL,NULL,NULL,NULL),(2,0,0,0,'Google Cloud Services','Google Cloud Services','Knowledge articles related to Google cloud services',1,NULL,NULL,NULL,NULL),(3,0,0,0,'Cloud Infrastructure','Cloud Infrastructure','General cloud infrastructure topics',1,NULL,NULL,NULL,NULL),(4,0,0,0,'Security & Networking','Security & Networking','Security and networking related articles',1,NULL,NULL,NULL,NULL),(5,0,0,0,'Containerization & Orchestration','Containerization & Orchestration','Container and orchestration related topics',1,NULL,NULL,NULL,NULL);
/*!40000 ALTER TABLE `glpi_knowbaseitemcategories` ENABLE KEYS */;
UNLOCK TABLES;
/*!40103 SET TIME_ZONE=@OLD_TIME_ZONE */;

/*!40101 SET SQL_MODE=@OLD_SQL_MODE */;
/*!40014 SET FOREIGN_KEY_CHECKS=@OLD_FOREIGN_KEY_CHECKS */;
/*!40014 SET UNIQUE_CHECKS=@OLD_UNIQUE_CHECKS */;
/*!40101 SET CHARACTER_SET_CLIENT=@OLD_CHARACTER_SET_CLIENT */;
/*!40101 SET CHARACTER_SET_RESULTS=@OLD_CHARACTER_SET_RESULTS */;
/*!40101 SET COLLATION_CONNECTION=@OLD_COLLATION_CONNECTION */;
/*!40111 SET SQL_NOTES=@OLD_SQL_NOTES */;

-- Dump completed on 2025-03-25 12:22:47
